{
  "norm_stats": {
    "state": {
      "mean": [
        -0.25727641582489014,
        0.3653704524040222,
        0.283612996339798,
        -1.7127472162246704,
        -0.13963252305984497,
        2.126981019973755,
        -0.8087882995605469,
        0.3201585114002228
      ],
      "std": [
        0.45495280623435974,
        0.19507549703121185,
        0.4560322165489197,
        0.2326412945985794,
        0.24124668538570404,
        0.352172315120697,
        0.5158858299255371,
        0.3182380199432373
      ],
      "q01": [
        -1.0290857247829437,
        -0.017193557232618326,
        -1.0555458374023436,
        -2.306440198516846,
        -0.5857280394434929,
        1.4449793387413026,
        -1.9359198776364326,
        0.10826275156736374
      ],
      "q99": [
        0.9611030275821686,
        0.8197924610823393,
        1.0613104202270511,
        -1.287570901107788,
        0.7015885422587393,
        2.834872076034546,
        0.44689934576749835,
        0.9211525092482566
      ]
    },
    "actions": {
      "mean": [
        -0.25689515471458435,
        0.3685332238674164,
        0.2830074429512024,
        -1.711588978767395,
        -0.14044387638568878,
        2.131619691848755,
        -0.804049551486969,
        0.2889547646045685
      ],
      "std": [
        0.45744025707244873,
        0.19967763125896454,
        0.4597548842430115,
        0.23583479225635529,
        0.24589449167251587,
        0.360567182302475,
        0.5208215117454529,
        0.4348239600658417
      ],
      "q01": [
        -1.0333401527404784,
        -0.0178923482298851,
        -1.054190117073059,
        -2.3090750958919526,
        -0.5846905745029449,
        1.4280702607870102,
        -1.9472842755317687,
        0.0
      ],
      "q99": [
        1.0008031771659849,
        0.8387316132783891,
        1.0790706738948819,
        -1.269560843706131,
        0.7149761593818664,
        2.8531407759904863,
        0.4667544960737229,
        0.9998
      ]
    }
  }
}